name,territory,story,status,reason
Bract,A,"Botany: the specialised leaf that holds and shelters a flower and is often the showy part (bougainvillea, poinsettia) - a holding that shelters and showcases its products; Br- of Braze plus -act of Adacta",finalist,
Kedge,A,Seamanship: a small anchor thrown ahead so the crew hauls the ship forward by its own effort (kedging),cut,"Trademark: KEDGE filed in US class 42 by KEDGE SOFTWARE LLC (USPTO 99947632, 2026); KEDGE Business School marks 35/41/42 (FR, WIPO)"
Keelson,A,Shipbuilding: the internal backbone bolted on top of the keel that stiffens the whole hull; sounds like a surname,cut,"Trademark: KEELSON filed 9/42 in France (Centralweb) and class 9 in Korea, KEELSON MD filed 42 (US); only .build/.inc free"
Strake,A,Shipbuilding: one continuous line of hull planking running stem to stern,cut,"Trademark: STRAKE registered class 42 at EUIPO, UKIPO and CIPO (Strake Technologies Inc.)"
Burl,A,Woodworking: the rare figured growth prized as the most valuable wood,cut,Domain: only burl.build free of 6 TLDs; ES/PT 'burla' = mockery/fraud
Carvel,A,"Shipbuilding: carvel planking laid flush edge to edge for a smooth, strong hull; the caravel of the explorers",cut,Trademark: CARVEL (US ice-cream chain) registered in 30/35/42 across many offices - famous-mark risk
Colophon,A,Printing: the printer's mark and statement at the end of a book naming who made it - the maker's signature,cut,Domain: none free on 7 TLDs; Colophon Foundry is an established type foundry
Touchmark,A,"Pewtering: the maker's mark each master was required to strike on his ware, taking personal responsibility for quality",cut,Trademark: TOUCHMARK registered USPTO class 42 (Touchmark LLC) and UKIPO 36/42
Spelter,A,Metalworking: the zinc-copper filler alloy used in brazing (spelter brazing) - the metal that joins parts into one stronger piece; a hidden nod to Braze,finalist,
Wootz,A,"Metallurgy: the legendary crucible steel of South India behind Damascus blades, traded worldwide as the most valuable steel",cut,"Language: heard as 'woots' (internet 'woot', Amazon's Woot.com), rhymes with 'toots'; German 'Wutz' = piglet"
Planish,A,Metalworking: planishing is the final hammer work that smooths and hardens sheet metal - the finishing pass,cut,"Language: splits into 'plan-ish' (vaguely planned), an easy jab at a software company"
Faber,B,"Latin: craftsman, smith; 'faber est suae quisque fortunae' - every man is the maker of his own fortune",cut,"Domain: taken on 11 TLDs incl. .build; only faber.inc (premium TLD); Faber-Castell, Faber & Faber"
Auctor,B,"Latin: originator, founder and also the guarantor who vouches for what he sells; root of author and authority",cut,"Radio test: read as 'auction'/'awk-tor', split pronunciation; only auctor.build free"
Fecit,B,Latin 'made (it)': the signature formula on artworks and instruments ('Stradivarius fecit'),cut,Language: reads 'fake it' or 'fec-' (feces; IT 'feci' = stool); only fecit.build free
Factum,B,"Latin: a deed, a thing done; 'factum est' - it is done",cut,Domain: only factum.build free of 7 TLDs; weak sound; Canadian legal-brief term
Facta,B,"Latin 'facta, non verba' - deeds, not words: the no-sales-talk voice",cut,"Trademark: FACTA registered 35/42 at UKIPO, BOIP, DPMA (Facta Holding) and in Australia"
Hexis,B,Greek: Aristotle's settled disposition; excellence as a habit - 'we are what we repeatedly do',cut,"Domain: only hexis.build free of 10; DE 'Hexe' (witch), EN 'hex' (curse)"
Propria,B,"Latin 'propria manu' - by one's own hand, the signature formula; propria = one's own",cut,Trademark: PROPRIA S.r.l. registered class 42 at EUIPO and UKIPO; Italy and France too
Proprium,B,Latin: one's own; property; a distinguishing characteristic,cut,Sound: clinical ('opium' rhyme); sits next to Propria's EU class-42 mark; only .studio free
Gilda,B,"Medieval Latin gilda, the guild: craftsmen who owned their trade and its quality rules; also a woman's name",cut,Domain: only .build/.works free; Rio de la Plata slang 'gil' = fool; weak link to purpose
Crispin,C,"St Crispin, patron saint of shoemakers and craftsmen; the St Crispin's Day 'band of brothers' speech - a small team, a big outcome",cut,"Conflict: US ad agency Crispin Porter + Bogusky renamed itself 'Crispin' in 2024; CRISPIN class 9 (WIPO, Korea); Crispin cider; FR/ES comic-valet meaning"
Brunel,C,"Isambard Kingdom Brunel, Victorian engineer who owned whole projects end to end: railways, bridges, the great steamships",cut,"Trademark: Brunel International N.V. registered 35/41/42 (UKIPO, BOIP)"
Dunstan,C,"St Dunstan, 10th-century archbishop, goldsmith and metalworker, patron saint of goldsmiths",cut,Trademark: DUNSTAN registered class 9/16/41 at EUIPO and UKIPO (Dunstan Baby Pty); Dunstan AB (EUIPO 36)
Kothar,C,"Kothar-wa-Khasis, the Ugaritic god of craftsmanship ('skilled and wise') who built Baal's palace",cut,Trademark: KOTHAR registered USPTO class 9 (Simply Tiger Ltd); radio: Kotar/Qatar
Ilmari,C,"Short for Ilmarinen, the Finnish eternal hammerer who forged the Sampo, the mill that produces endless wealth; a Finnish first name",cut,Trademark: Ilmari registered 41/42 in Finland (Tietoverkko FI); radio: stress unclear; Ilmarinen pension insurer
Sampo,C,"Finnish myth: the magic mill forged by Ilmarinen that grinds out flour, salt and gold forever - the ultimate value-producing product",cut,Domain: none free on 7 TLDs; Sampo plc (Finnish insurer)
Kaveh,C,Kaveh the Blacksmith (Shahnameh) raised his leather apron as a banner and it became the royal standard of Persia,cut,"Radio test: kava/cave, three pronunciations; only kaveh.build free"
Aldus,C,"Aldus Manutius, Venetian printer who invented italic type and the pocket book - a product innovator",cut,"Trademark: ALDUS registered UKIPO 9/35 (J. Trenkelbach); historic Aldus Corp (PageMaker, now Adobe)"
Svarog,C,Slavic smith god of fire and sky who forged the sun and taught people metalwork,cut,Radio: 'Sv-' onset; neo-pagan/nationalist imagery; only svarog.build free
Caxton,C,"William Caxton set up England's first printing press (1476) and owned the whole product: translating, editing, printing, selling",cut,"Conflict: Caxton (caxton.io), FCA-regulated London fintech, and Caxton Associates; DE 'kack-' teasing"
Prova,E,"Word: Italian/Portuguese 'proof, trial'. Acronym: Products · Responsibility · Ownership · Value · Accountability",cut,Domain: only prova.build free of 11 TLDs; close to the explored Prow
Obra,E,"Word: Spanish/Portuguese 'a work, a built work' (obra maestra). Acronym: Ownership · Build · Results · Accountability",cut,Domain: none free on 7 TLDs; English 'oh bra'
Sova,E,Word: Serbian 'owl' (wisdom). Acronym: Ship · Own · Value · Always,cut,Domain: none free except sova.inc (premium); Sova Assessment (HR tech)
Verso,E,Word: printing term for the left-hand page; Italian 'toward'. Acronym: Value · Execution · Responsibility · Ship · Ownership,cut,"Domain: none free on 7 TLDs; Verso Books, Verso Corp"
Arca,E,"Word: Latin strongbox, coffer where value is kept. Acronym: Accountable · Reliable · Crafted · Always shipping",cut,Domain: none free on 7 TLDs
Trova,E,Word: Italian 'finds'. Acronym: Think · Responsibility · Ownership · Value · Action,cut,Language: Serbian 'trovati/otrov' = to poison/poison
Brava,E,Word: Italian 'well done'. Acronym: Build · Responsibility · Accountability · Value · Always,cut,Domain: none free on 7 TLDs; Brava smart-oven brand
Avow,E,"Word: English 'to declare openly, to own up to'. Acronym: Accountability · Value · Ownership · Work",cut,Trademark: Avow registered UKIPO 9/35/42 and AVOW EUIPO/WIPO class 35 (Avow GmbH)
Zamak,E,"Word: the die-cast zinc alloy whose name is itself an acronym (Zink · Aluminium · MAgnesium · Kupfer); in Croatian/Slavic 'zamak/zamek' = castle, keep",cut,"Radio: Zamak/Zamac split; Zamak Technologies (IT services, Miami); ES/PT 'cheap die-cast alloy'; confusable with Zanat"
Alnico,E,Word: the permanent-magnet alloy named from its elements (AL · NI · CO) - it holds its pull for decades,cut,"Sound: soft, reads as a name 'Al Nico'; magnet-alloy story is weak for ownership"
Kremen,F,"Serbian/Slavic 'flint', the stone that strikes fire; 'čovek od kremena' = a man of flint, a person of integrity",cut,Language: looks and sounds like 'Kremlin'; 'KREE-men' rhymes with 'semen'; Gary Kremen (Match.com founder)
Esnaf,F,Balkan/Ottoman craft guild (from Arabic asnaf) with strict quality rules for masters,cut,"Language: UK 'is naff', SNAFU; Serbian 'esnafski' = petty"
Kalfa,F,Balkan guild rank between apprentice (šegrt) and master (majstor): the journeyman who carries real work,cut,Language: 'journeyman' = not yet a master; radio: Calfa/Kalpha
Makar,F,"Scots 'makar' = maker, the poet as craftsman; Scotland's national poet is titled the Makar",cut,Language: Serbian 'makar' = 'at least'; radio: heard as 'maker'; MAKAR gin (EUIPO 35)
Kaji,F,"Japanese kaji: blacksmith (鍛冶), and also rudder (舵)",cut,Domain: none free on 7 TLDs
Obraz,F,"Serbian 'obraz': honour, integrity, face ('imati obraza')",cut,Language: 'Obraz' is a banned Serbian far-right organisation; English 'oh-bras'
Bakar,F,Serbian/Croatian 'copper': the metal that conducts and joins,cut,Radio test: collapses into 'baker'/'backer'
Kalvis,F,Lithuanian 'smith'; Kalvelis is the celestial smith who forges the sun,cut,Radio test: Calvis/Kalvus; rhymes with 'Elvis'
Ricasso,A,Bladesmithing: the unsharpened flat of a blade where the smith stamps his maker's mark,cut,Trademark: Ricasso registered 9/42 at EUIPO and UKIPO (Swiss Re); RICASSO filed 9/35/42 at USPTO
Aurifex,B,"Latin: goldsmith, literally 'gold-maker' (aurum + facere)",cut,"Conflict: Aurifex Innovations (software development), Aurifex Labs, Aurifex Inc."
Fleuron,A,Typography: the printer's flower ornament,cut,"Radio test: FLUR-on/FLOOR-on, hearers never guess 'eu'"
Pilcrow,A,Typography: the paragraph mark (¶) that opens a new thought,cut,Domain: only .build/.works free; the paragraph mark carries no ownership or value story
Argosy,A,A richly laden merchant ship; the word comes from Ragusa (Dubrovnik) - a Balkan origin for 'rich cargo',cut,"Association: Argosy University collapse (US, 2019); only argosy.build free"
Sinter,A,"Process engineering: fusing powder into a dense solid part with heat and pressure, without melting - many small parts become one strong piece",cut,Language: Hungarian 'sintér' and Serbian 'šinter' = dog-catcher; starts with 'sin'
Ducat,A,"The Venetian gold ducat, Europe's most trusted coin for six centuries",cut,Language: US 'duck it' joke; pronunciation split; Ducati visual echo
Freehold,A,"English law: the most complete ownership - you own it outright, forever",cut,Cool factor: reads as a real-estate term; 'free' suggests a no-cost product; only freehold.build free
Heft,A,English: the felt weight and substance of a well-made thing,cut,"Language: 'hefty' (overweight, hefty price), rhymes with 'theft'; only heft.build free"
Allod,B,"Medieval Latin allodium: land held in absolute ownership, owing nothing to any lord",cut,Radio test: heard as 'a lot'/'alot'
Bosk,E,"Word: Middle English 'bosk', a small wood (Shakespeare's 'my bosky acres' = land you own and tend). Acronym: Build · Own · Ship · Keep - the creed in order",finalist,
Proba,B,"Latin/Serbian 'proba': proof, test, rehearsal",cut,Language: Serbian 'proba' = trial/rehearsal (a beta feel); only proba.build free
Cermet,A,Materials engineering: a ceramic-metal composite with the hardness of ceramic and the toughness of metal,cut,Radio test: Sermet/Kermit
Handsel,A,Old English/Norse handsal: the handshake that sealed a bargain; the first money a new business takes,cut,Radio test: heard and written as 'Hansel'; HANDSEL filed USPTO class 35
Rowan,C,"The rowan tree, sacred to Brigid in Celtic lore; a given name that hides 'own'",cut,"Domain: none free on 4 TLDs; crowded name (Rowan University, Rowan Companies)"
Hewn,A,English: shaped by hand with an axe ('hand-hewn'),cut,Domain: none free on 7 TLDs
Vested,A,English: fully owned (vested equity) - builders with skin in the game,cut,Language: 'vested interest' (self-interest); HU 'veszted' = you lose it; only vested.build free
Gowan,C,"Scottish/Irish surname from Gaelic gobha, smith; hides 'own'",cut,Radio test: Gowen/Goan; Serbian 'gov-' echo; Gowan Company (US agrochemicals) owns the word
Exergy,A,Thermodynamics: the part of energy that can do useful work - the engineer's measure of real value,cut,Trademark: EXERGY registered EUIPO 11/42 (Exergy Holding) and 7/9/42 (Exergy International)
Carnot,C,"Sadi Carnot, who defined the maximum efficiency any engine can reach",cut,Radio test: 'car-not' vs 'kar-NOH'; UK 'Fred Karno's army'
Pragma,B,"Greek pragma: a deed, a thing done, business; root of 'pragmatic'; #pragma in C",cut,"Domain: none free on 6 TLDs; crowded (Pragma game backend, Pragma software firms)"
Staunch,A,"English: steadfast, loyal; originally 'watertight' (a staunch ship) - builders who do not abandon what they ship",cut,"Trademark: STAUNCH WIPO registered class 9 (Staunch Technology), UKIPO class 35"
Mandrel,A,Metalworking: the core shaft around which material is shaped,cut,Trademark: MANDREL filed USPTO class 42 (Brian Moench)
Firmitas,B,"Vitruvius: firmitas, utilitas, venustas - durability, usefulness, beauty, the three tests of good building",cut,Domain: none free on .co/.studio/.io
Silex,B,Latin: flint; root of silica and silicon - the first tool-stone and the stone of computing,cut,"Conflict: Silex Systems (laser enrichment, ASX), Silex Microsystems (MEMS foundry); only silex.build free"
Daedal,A,"Poetic English: skilful, intricately made, from Daedalus the master craftsman",cut,Domain: none free on 3 TLDs; radio: spelling 'ae'
Barlow,C,"The Barlow knife, the plain durable pocketknife of Sheffield and Tom Sawyer",cut,Domain: only barlow.build free; weak ownership story; Barlow lens (optics)
Deft,A,"English: skilful, quick and neat",cut,Domain: deft.build and deft.studio taken; crowded word
Nasmyth,C,"James Nasmyth, Scottish engineer who invented the steam hammer (1839)",cut,"Trademark: NASMYTH registered 6/7/9/37/40/42 at UKIPO and WIPO (Nasmyth Group, aerospace)"
Brearley,C,"Harry Brearley, Sheffield metallurgist who discovered stainless steel (1913)",cut,Radio test: Brearley/Brierley/Brearly; 8 letters
Newcomen,C,Thomas Newcomen built the first practical steam engine (1712),cut,"Sound: long (8 letters), reads as 'new-comer'; weak cool factor"
Niello,A,Metalwork: black alloy inlaid into engraved silver to make the craft visible,cut,Weak cool factor and story; pronunciation split (nee-EL-oh/NYEL-oh)
Incus,B,Latin: anvil; also the small anvil bone of the ear,cut,Domain: only incus.build free; 'incubus' echo
Moho,C,"The Mohorovicic discontinuity ('the Moho'), the crust-mantle boundary found by Croatian seismologist Andrija Mohorovicic",cut,Sound: silly ('mojo'); only moho.build free
Sutor,B,Latin: shoemaker; 'ne sutor ultra crepidam' - let the cobbler stick to his last,cut,Radio test: heard as 'suitor'
Tatara,F,"Japanese tatara: the clay furnace run for three days without pause by a master and his team to make tamahagane, the steel of the finest swords",cut,"Language/radio: US 'ta-tas' slang, UK 'ta-ta'; Serbian 'of the Tatars'; only tatara.build free"
Sloyd,F,"Swedish slojd/sloyd: education through handcraft, 'learning by making', taught worldwide from the 1870s",cut,"Conflict: Sloyd.ai, an Oslo AI 3D-generation startup (EUR 3M seed, a16z); radio: Sloid; 'slo-' (slow)"
Torc,E,"Word: the Celtic twisted-gold neck ring, a maker's finest work and a mark of rank. Acronym: Trust · Ownership · Results · Craft",cut,Domain: none free (.co/.studio/.build taken); radio: torc/torque/tork
Tenax,B,"Latin: holding fast, tenacious; Horace's 'tenax propositi' - the man firm of purpose who sees the job through",cut,"Trademark: TENAX registered EUIPO class 9 (PRINCE S.r.l.); crowded (1,156 marks)"
Verax,B,"Latin: truthful, speaking true",cut,Domain: only verax.build free; weak story
Capax,B,"Latin: capable, able to hold ('capax imperii' - capable of command)",cut,"Sound: 'cap-ax', weak story; only .studio/.build free"
Saxton,C,"Christopher Saxton surveyed and drew every county of England and Wales himself (1574-1579): the first national atlas of any country, one maker owning the whole product",finalist,
Froben,C,"Johann Froben, the Basel printer-publisher of Erasmus who set the standard of scholarly books",cut,Trademark/association: FROBEN is a flurbiprofen drug brand (Abbott/Viatris) registered in ~30 offices
Volund,C,"Volundr (Wayland), the master smith of the Poetic Edda who forged his own wings to escape",cut,Domain: only volund.build free; the Edda story (hamstrung captive smith) is dark
Kelmscott,C,"William Morris's Kelmscott Press, the Arts and Crafts answer to cheap mass printing",cut,"Length: 9 letters, 2 hard clusters; reads as a place name"
Paxton,C,Joseph Paxton designed the Crystal Palace (1851) from a sketch and had it built from prefabricated parts in under nine months,cut,Conflict: Paxton Access (UK access-control hardware and software); Ken Paxton (Texas AG) association in the US
Ivaldi,C,"The sons of Ivaldi, Norse dwarf smiths who forged Skidbladnir (the ship that folds into a pouch) and the spear Gungnir",cut,Confusable: one letter from Vivaldi (the web browser); only ivaldi.studio free
Brix,A,"Process engineering: degrees Brix measure dissolved sugar, the value inside a juice; named after the engineer Adolf Brix",cut,Domain: none free on 5 TLDs incl. .build and brixlabs.com; crowded word
Mileva,C,"Mileva Marić, physicist from Vojvodina and one of the first women to study physics at ETH Zurich - the quiet builder behind famous work",cut,Domain: taken on 8 of 10 TLDs incl. .co/.io/.ai/.app/.dev (active users); disputed history makes the story political; pronunciation split
Heddle,A,Weaving: the loop on a loom that lifts each warp thread so the weave can happen,cut,Domain: none free on .co/.io/.studio/.app
Bodkin,A,Printing and sewing: the small awl a compositor used to pick out type,cut,Domain: none free on .co/.io/.studio/.app
Plinth,A,Masonry: the base block that raises and carries a column or statue,cut,Domain: none free on .co/.io/.studio/.app
Corbel,A,Masonry: the stone bracket that carries load out from a wall,cut,Domain: none free on .co/.io/.studio/.app; Corbel is a Microsoft typeface
Burnish,A,Metalworking: polishing by pressure until the surface shines - the finishing pass,cut,Domain: none free on .co/.io/.studio/.app
Smelt,E,"Smelting ore into metal; acronym Ship, Make, Evolve, Launch, Tend",cut,Domain: none free on .co/.io/.studio/.app
Pewter,A,Metalworking: the tin alloy that gave ordinary households their own silverware,cut,Domain: none free on .co/.io/.studio/.app
Damask,A,Weaving and steel: patterned damask cloth and Damascus (damask) steel folded in layers,cut,Domain: none free on .co/.io/.studio/.app
Jointer,A,Woodworking: the long plane that trues board edges so they join without a gap,cut,"Conflict: Jointer (jointer.io), a real-estate tokenisation startup (Silicon Valley/Tel Aviv, raised USD 2.5M) and 'Pic Jointer' collage apps on App Store and Google Play; 'joint' cannabis pun"
Dowel,A,Woodworking: the hidden wooden pin that holds a joint together,cut,"Sound: soft ending, spelled Dowel/Dowell; only dowel.studio free"
Tenter,A,Weaving: the frame that stretches cloth to shape (on tenterhooks),cut,Radio test: heard as 'tender' in US English; only tenter.studio free
Loden,A,"Weaving: dense, water-resistant Alpine wool cloth",cut,Sound: soft; a coat fabric with no ownership or value story; only loden.studio free
Stave,A,Cooperage: one of the shaped planks that together make a barrel hold,cut,Domain: none free on .co/.io/.studio/.app; 'stave off' reads defensive
Gimlet,A,Woodworking: the small hand tool that bores a clean pilot hole,cut,Conflict: Gimlet Media (Spotify-owned podcast company); gimlet cocktail; only gimlet.studio free
Transom,A,Shipbuilding and building: the cross-beam that frames the stern or a window,cut,Domain: none free on .co/.io/.studio/.app
Bradawl,A,Woodworking: the small awl that starts every screw hole; Br- onset like Braze,cut,"Radio test: heard as 'brad-all', no obvious spelling for the '-awl' ending"
Latten,A,Metalworking: the medieval brass sheet used for church memorials,cut,Radio test: heard as latte/Latin/Laden; soft sound
Trowel,A,Masonry: the mason's blade that lays and levels mortar,cut,Radio test: trowel/troll; idiom 'lay it on with a trowel' (overdo flattery); only trowel.studio free
Incudo,B,Latin incudo: I forge on the anvil (incus = anvil),cut,Radio test: stress and spelling split (in-KOO-doh; Incudo/Encudo/Incoodo); weak sound
Actum,B,Latin actum (est): it is done - the finished deed,cut,Domain: none free on .co/.io/.studio/.app; close to the anchor Adacta in meaning
Operis,B,Latin operis: of the work (opus operis),cut,"Sound: soft three syllables, reads as 'opera'; only operis.studio free"
Fictor,B,"Latin fictor: shaper, sculptor, maker",cut,"Language: reads as 'fiction' (made up), the wrong signal for a builder"
Tompion,C,"Thomas Tompion (1639-1713), the father of English clockmaking",cut,Radio test: spelled Tompion/Tompian/Tompkin; soft ending
Ramsden,C,Jesse Ramsden (1735-1800): his dividing engine made precise instruments cheap and repeatable; built the great theodolite for the first national survey of Britain,keep,"Replacement candidate, sent to independent review (round 3)"
Brindley,C,"James Brindley (1716-1772), self-taught engineer of England's first canals",cut,Radio test: Brindley/Brindly/Brindle ('brindle' is a dog-coat colour)
Smeaton,C,"John Smeaton (1724-1792), the first self-styled civil engineer (Eddystone Lighthouse)",cut,Radio test: Smeaton/Smeeton/Smeeten; soft ending
Hondius,C,"Jodocus Hondius (1563-1612), Flemish engraver who published the Mercator atlas",cut,Radio test: Hondius/Hondeus/Hondious; best known as the MV Hondius cruise ship
Fabrin,D,"Invented: Latin faber (smith, maker) + -in",cut,"Conflict: Fabrin, an open-source Go web framework (github.com/usefabrin/fabrin), and Fabrin, a fashion-production platform app"
Ferrant,D,"Invented: Latin ferrum (iron) + -ant, 'the one who works iron'",cut,Radio test: Ferrant/Ferant/Ferrent; reads as 'errant'
Brandel,D,"Invented: Br- + brand + -el, a name-like maker's mark",cut,Radio test: Brandel/Brandle/Brandell; only brandel.studio free
Perdix,C,"Perdix, the boy inventor of the saw and the compass in Greek myth (Ovid)",cut,Conflict: Perdix is the name of the US military micro-drone swarm; only perdix.studio free
Arrowsmith,C,"Aaron Arrowsmith (1750-1823), cartographer; an arrowsmith forges arrowheads",cut,Domain: none free on .co/.io/.studio/.app; 10 letters
Structor,B,"Latin structor: builder, mason",cut,Domain: none free on .co/.io/.studio/.app
Scriber,A,Metalworking: the hardened point that marks out a part before it is cut,cut,Domain: none free on .co/.io/.studio/.app
Brassard,A,Armour: the plate that guards the upper arm,cut,"Sound: 8 letters, reads as a French-Canadian surname; weak product story"
Earnshaw,C,"Thomas Earnshaw (1749-1829), who made the marine chronometer affordable",cut,Radio test: Earnshaw/Ernshaw; 'earn' reads as money-first; Wuthering Heights association
Clad,E,"Ironclad, clad in metal; acronym Craft, Launch, Assets, Deliver",cut,Domain: none free on .co/.io/.studio/.app
Regula,B,Latin regula: the straightedge and the rule,cut,"Conflict: Regula (regulaforensics.com), identity-document verification software; radio: REG-yoo-la/reh-GOO-la"
Bollard,A,Seamanship: the mooring post that holds a ship fast against the pull of the tide,cut,Sound and domain: reads as street furniture (traffic bollards); only bollard.studio free
Batten,A,"Weaving and shipbuilding: the loom's beater, and the strip that holds hatches down (batten down)",cut,Domain: none free on .co/.io/.studio/.app
Cleat,A,Seamanship: the fitting a line is made fast to,cut,Sound: reads as football boots (cleats); only cleat.studio free
Rampart,A,Fortification: the earth wall that protects what is inside,cut,Domain: none free on .co/.io/.studio/.app
Chamfer,A,Woodworking and machining: the bevelled edge that finishes a part,cut,Domain: none free on .co/.io/.studio/.app; radio: CHAM-fer/SHAM-fer
Brasstack,A,"Idiom: 'get down to brass tacks' = get to the essentials, no fluff; Br- onset like Braze",cut,"Conflict: BrassTack (brasstack.net), a dev studio that helps SaaS teams ship (direct competitor); Brasstacks microlearning LMS; BrassTacks CRM (Move Solutions); plural 'brass tacks' spelling split"
Incipit,B,"Latin incipit: 'here it begins', the opening words of a manuscript",cut,Domain: none free on .co/.io/.studio/.app
Roycroft,C,"The Roycrofters (East Aurora, 1895): a guild of printers, metalsmiths and furniture makers who made and sold their own products",cut,"Conflict: Roycroft Design (Boston web and graphic design firm, 51-200 staff) and ROYCROFT LABS LTD (UK Companies House 10714636); Roycroft Campus and Inn own the name locally"
Sinew,E,"Sinew: the tendon that connects strength to movement; acronym Ship, Iterate, Nurture, Evolve, Win",cut,Domain: none free on .co/.io/.studio/.app; 'sin-' onset
Lorimer,C,"A lorimer made bits, spurs and small ironwork for horse tack (Worshipful Company of Loriners)",cut,Radio test: Lorimer/Lorrimer/Loriner; reads as a surname; only .co/.studio free
Gimson,C,"Ernest Gimson (1864-1919), Arts and Crafts furniture maker who designed and built his own pieces",cut,Radio test: Gimson/Gimpson/Simpson; soft ending
Graver,A,Engraving: the hand-held cutting tool of the engraver,cut,Language: reads as 'grave' (tomb) and 'graver' (more serious); only graver.studio free
Sprag,A,"A sprag is a wedge-shaped steel block in a sprag clutch. It locks when the shaft tries to turn backward and lets it run freely forward. The older meaning is a bar or stick dropped behind a cart wheel so a loaded wagon cannot roll back down a hill. Miners also used a sprag, a short timber prop, to hold the coal face while they worked. Shakespeare used 'sprag' to mean quick-witted (Merry Wives of Windsor: 'He is a good sprag memory'). The metaphor is forward-only momentum with no backsliding (Scope -> Build -> Ship & iterate), and the part that holds the load on the hill, which is ownership. It works in both modes: 'Quicktalog by Sprag', 'Sprag Labs'.",finalist,
Swage,A,"Swaging forces metal into a die (a swage, or the smith's swage block) to shape it into a precise form under pressure. Cold swaging also work-hardens it, so the part comes out stronger. In rigging, a swaged terminal permanently joins wire rope to its fitting, and the joint is rated as strong as the wire. Sawyers also 'swage' saw teeth to set the cut. Raw stock becomes a precise, load-rated part: products that hold. It is a metal-joining and forming term like Braze, but from the shaping side.",cut,"Radio test: SWAYJ/SWEJ/'swag', no single reading"
Clinch,A,"In clinker (historically also 'clinch-built') boatbuilding, a copper nail is driven through two overlapping planks and clinched, meaning riveted over a copper rove, so the planks never part and the hull lasts decades. 'Clinch' is a variant of 'clench'. In everyday English it means to settle something decisively: clinch the deal, clinch the title. It combines the boatbuilder's permanent fastening with the business sense of closing and securing the result, which is ownership.",cut,"Conflict: crowded in B2B SaaS (Clinch ad-tech, Clinch recruitment marketing, ClinchPad CRM); clinch.co taken"
Croze,A,"A croze is the groove a cooper cuts inside the ends of barrel staves so the barrel head seats and seals. 'Croze' is also the name of the tool that cuts it. Without the croze the barrel holds nothing. With it, the vessel ages wine and whisky and makes its contents more valuable over time. There is a hidden Balkan layer: Serbian 'kroz' (said almost the same) means 'through', as in seeing a job through. It also calls to mind the Crozes-Hermitage wine appellation (a separate etymology, from the village of Crozes).",cut,"Conflict: CROZ (croz.net), an established Zagreb software consultancy - same region and industry, near-homophone"
Pritchel,A,"The pritchel is the blacksmith's and farrier's punch that opens the nail holes in a horseshoe. It is also the round 'pritchel hole' in every anvil face that the punch passes through. It is the finishing step that makes a forged blank actually fit and fasten to what it serves, turning a made thing into a used thing. It sounds like a surname, in the same way Brigit sounds like a person.",finalist,
Stithy,A,"'Stithy' is an archaic English word for an anvil or a smithy (the forge itself), from Old Norse 'stedhi' (anvil). Shakespeare used it as a verb meaning 'to forge': 'by the forge that stithied Mars his helm' (Troilus and Cressida). The name says 'the place where things get forged', a workshop brand that could later hold a family of products.",cut,"Radio test: 'th' split, and Estuary 'f' reading gives 'stiffy' (vulgar)"
Duramen,A,"Duramen is the botanical Latin term for heartwood, from 'durare', to harden or to last. It is the dense core of a trunk, filled with resin and tannin, that resists rot and carries the tree's structural load long after it stops growing. Shipwrights specified heartwood oak for keels and frames because sapwood rots. It stands for the durable core that everything else rests on: products built to last and owned for the long run.",cut,Radio test: stress unclear; splits into 'Dura Men' (reads like a men's stamina product)
Thole,A,"A thole, or thole pin, is the peg set in a boat's gunwale that the oar pulls against. It is the fulcrum that turns a rower's effort into forward motion. Old English 'tholian' means 'to endure, to bear', and that sense survives in Scots and Northern English 'thole' (to put up with, to see through). The name carries leverage and endurance together, which is ownership when things get hard.",cut,"Sound: soft; heard as 'the hole'; FR 'taule' (prison slang), ES 'tole' (uproar)"
Broach,A,"Broaching is a machining process in which a long multi-tooth tool cuts a precise internal shape (a keyway, spline or hex) in a single pass. Separately, to broach a cask is to open it and draw off what is inside, and to broach a subject is to be the first to raise it. Precision in one pass, opening something up and going first all fit a builder-to-builder voice.",cut,Radio test: homophone of 'brooch'; contains 'roach'; BR-PT 'broxa' (vulgar)
Clevis,A,"A clevis is a U-shaped metal fitting closed by a pin that connects a load to a chain, rod or line, in rigging, towing and machinery. Everything that pulls rides through it. It is the connector that takes the load, like a company that joins products and client work under one owner.",cut,Conflict: CLEVIS GmbH (Munich HR-software consultancy) and a no-code AI app builder named Clevis
Skeg,A,"The skeg is the aft extension of a keel (and, on a surfboard, the fin) that keeps a hull tracking straight and shields the rudder. It gives directional stability, holding course while shipping. The word comes from Old Norse 'skegg' (beard, and the projecting part of a ship).",cut,"Conflict: SKEG (skeg.com), a product-development firm with nearly the same positioning"
Quench,A,"Quenching plunges red-hot steel into water or oil to lock in its hardness. It is the decisive moment that fixes a blade's quality, after which it is tempered. The everyday sense, to quench a thirst or satisfy a need, adds a product-market-fit layer.",cut,"Conflict: Culligan Quench (US water coolers), Quench.ai; only quench.build free"
Fettle,A,"In a foundry (and pottery), fettling is the finishing step: grinding off seams, flash and sprues so a casting is actually right. 'In fine fettle' means in excellent condition. The name covers both finishing the work and keeping it in great shape, which is ownership after launch.",cut,Conflict: several Fettle fitness apps; only fettle.build free
Helve,A,"The helve is the handle of an axe or hammer, the part the maker actually holds and that transfers every blow. A helve hammer was the water-powered trip hammer of early ironworks, the machine that let a forge scale. The name means holding the tool yourself, which is owning the work.",cut,Sound: soft; idiom 'throw the helve after the hatchet' (give up); only .build/labs free
Makefast,A,"Nautical English: to 'make fast' is to secure a line to a cleat or bitt so it holds under load. The compound reads two ways: make (build) + fast (quickly), and 'make fast' (secure it, own it, it will not slip). That covers both purposes: build high-value products, and deliver services that hold because someone owns them. It also works with the terminal motif, since `make` is the classic Unix build command and 'makefast' reads like one.",keep,Not in the final ten: makefast.app is a live React Native app-development studio for startups (direct competitor); a US PC-utility publisher also trades as Makefast; Makefast Group owns makefast.com
Carrack,A,"The carrack was the first true ocean-going ship (14th-16th c., Genoa and Portugal). It was built to carry high-value cargo across oceans and it opened global trade: Columbus's Santa Maria and Magellan's Victoria, the first ship to circumnavigate the world, were carracks. The Portuguese carrack Madre de Deus, captured in 1592, carried cargo said to be worth about half of England's treasury. The name is a vessel built to carry value a long way, and to finish the voyage.",cut,Trademark: CARRACK registered USPTO class 9 (Carrack International); carrack.app AI accounting; radio: Carrick / 'car wreck'
Brayer,A,"Printing: the brayer is the hand roller that inks the type or block before the impression, so nothing is printed without it. Printmakers use it to pull their own proofs; it is the maker's own tool. The word comes from 'bray', to crush or grind fine in a mortar (Old French 'breier'); the first brayers were pestles for grinding and spreading ink. That gives a hidden process-engineering and chemistry link for the founder.",cut,"Language: 'bray' (donkey), FR 'brayer' = hernia truss; close to Brame/Braze in sound"
Octant,A,"Navigation: Hadley's reflecting octant (1731, invented at the same time by Thomas Godfrey in Philadelphia). Its arc is only one eighth of a circle (45 degrees), but its double mirror lets it measure 90 degrees. It let navigators fix their own position at sea without depending on anyone. Latin 'octans' (an eighth). The story is a small, precise instrument with outsized reach and self-reliant navigation.",cut,"Conflict: octant.com (government-contractor software), VMware Octant; only octant.studio free"
Yeoman,A,"A yeoman was a free man who owned and worked his own land: neither lord nor serf, an owner-operator. In English, 'doing yeoman's work' or 'yeoman's service' means solid, dependable, excellent work. So the word holds both purposes: owning what you build (products) and doing reliably excellent work for others (services with an ownership mindset).",finalist,
Entasis,A,"Masonry and architecture: entasis is the slight, deliberate swelling that Greek masons built into column shafts (the Parthenon is the famous case). Without it, a straight column looks concave to the eye. It is invisible craft that makes the finished work look perfect: quality most users never notice but always feel. Greek 'entasis', meaning tension or stretching.",cut,Sound: medical '-asis' ending; Entasis consultancies exist; 3 syllables
Portolan,A,"Cartography: portolan charts (from about 1275, the Carta Pisana) were navigation maps drawn from pilots' real voyages, using compass bearings and measured distances. They were strikingly accurate because the people who drew them had sailed the routes. Italian 'portolano', a pilot's book of ports. The story is maps made by practitioners: you learn by shipping.",cut,Conflict: Portolan Commerce Solutions (German ERP software since 1990); 8 letters
Gunter,A,"Surveying: Edmund Gunter (1581-1626) created Gunter's chain, 66 feet long; 10 square chains make an acre and 80 chains make a mile. It was the standard used to survey land in England and in the US Public Land Survey, the measure that turned wilderness into parcels people could own. His 'Gunter's scale' led to the slide rule, and he coined the words 'cosine' and 'cotangent'. The story is the unit that made ownership measurable.",cut,Radio test: Gunther/Günter split; 'gun' association in the US
Fairlead,A,"Nautical: a fairlead is the ring, block or fitting that guides a line in a 'fair lead', a clean, true direction, so it runs without chafing or snagging. The hidden reading is fair leadership and honest guidance: the part that keeps everything running true under load.",cut,"Conflict: Fairlead Technology Group (document-management software), Fairlead Solutions (custom software)"
Plimsoll,A,"Navigation: the Plimsoll line is the load-line mark on a ship's hull showing the maximum safe loading. Samuel Plimsoll fought for it against owners who overloaded 'coffin ships', and the Merchant Shipping Act of 1876 made it law. It is an integrity marker: never overloaded, never over-promised, always seaworthy.",cut,Conflict: Plimsoll Studio (US agency doing web and software development); UK 'plimsoll' = sneaker
Stet,A,"Printing and proofreading: 'stet' (Latin 'let it stand') is the editor's mark that cancels a correction and says keep it as it is, it was right. It expresses confidence in finished work, close in spirit to the anchor Adacta ('done, closed'). It looks and sounds like a terminal command (`stet`), which matches the CLI motif.",cut,Domain: none free on 6 TLDs (only .build/.works); Google Cloud's open-source STET tool
Pintle,A,"Navigation and shipbuilding: the pintle is the pin on which a ship's rudder (or a gate) pivots, paired with the gudgeon. It is a small, hard-working part that the whole steering system turns on: small team, full control of direction.",cut,Language: Old English 'pintel' = penis; conflict: pintle.ai (UK)
Moxon,C,"Joseph Moxon (1627-1691) was a London printer, globe and mathematical-instrument maker, and Hydrographer to Charles II. His 'Mechanick Exercises, or the Doctrine of Handy-Works' (1677-1684) was the first English-language manual of the trades: smithing, joinery, carpentry, turning, and then the whole art of printing and typefounding. He published trade secrets that printers had guarded, and it was the first serial publication in England (monthly parts). Woodworkers still use the 'Moxon vise' named after him. The link to Reactify: a maker who ran his own workshop, made precision products (globes, instruments, type), and wrote openly for other builders. That is the builder-to-builder, terminal-manual voice the brief asks for. Sources: Wikipedia 'Joseph Moxon', archive.org scans, historyofinformation.com.",finalist,
Brontes,C,"Brontes ('Thunder') is one of the three Cyclopes of Hesiod's Theogony. With Steropes and Arges he forged Zeus's thunderbolt, and later tradition (Callimachus, Virgil) places him at the anvil in Hephaestus' and Vulcan's forge. He made the single most valuable artifact in Greek myth, the tool that won the war of the Titans. The link: high-value products made in a small workshop. Sources: Wikipedia 'Cyclopes', Hesiod, Theogony 139-146.",cut,"Conflict: Bronte Technologies, a SaaS MVP studio; radio: reads as plural of Brontë"
Credne,C,"Credne (Creidhne) is one of the three craft gods of the Irish Tuatha De Danann, alongside Goibniu the smith and Luchta the wright. He is 'the brazier': he worked in bronze, brass and gold and made the rivets, hilts and bands that join blade to shaft. In the Cath Maige Tuired story the three make the weapons that win the war against the Fomorians. The link: he is the one who joins separate parts into a finished product that ships. That ties directly to the Braze anchor (brazing joins metals) and to the Brigit anchor (Irish myth). The first four letters, 'Cred', mean credibility in English. Sources: Oxford Reference 'Credne', Wikipedia 'Creidhne'.",cut,Radio test: no obvious reading (KRED-nee/KRED-nuh/KREDN); Serbian reading 'Tsredne' ~ 'srednje' (mediocre)
Caslon,C,"William Caslon I (1692-1766) started as an engraver of gunlocks and barrels in London, then built his own type foundry. His typefaces became the standard of English printing for a century. They are widely reported as the type of the first printings of the US Declaration of Independence, and printers had a saying: 'When in doubt, use Caslon.' The link: a craftsman who turned precision handwork into a product line, and whose product became the default. That is the product-first ambition in one name. Sources: Wikipedia 'William Caslon', MyFonts Caslon collections.",cut,"Conflict: Caslon is a well-known typeface family (Adobe Caslon, ITC Caslon)"
Luchta,C,"Luchta (Luchtaine) is the wright, or carpenter, among the three Irish craft gods. In Cath Maige Tuired he, Goibniu and Credne produce weapons at impossible speed during the battle: Goibniu forges the head in three strokes, Luchta shapes the shaft in three cuts and throws it straight into the socket, and Credne throws the rivets into place. It is the oldest assembly-line story in European myth: a small team, zero waste, shipping under pressure. Sources: Wikipedia 'Luchtaine', Wikipedia 'Tuatha De Danann'.",cut,"Conflict: 'luchta', an active open-source Rust build tool on GitHub; radio: 'ch'"
Eloy,C,"Eloy is the Spanish and Occitan form of Saint Eligius (c. 588-660), patron saint of goldsmiths and blacksmiths. King Chlothar II gave him gold and jewels for one throne. Eligius built two thrones from it and returned everything, rather than pocketing the surplus, and the king made him master of the mint. It is the best ownership story in this territory: double the value from the same budget, with total integrity. Spoken, it also sounds like 'alloy'. Sources: Wikipedia 'Saint Eligius', University of Notre Dame FaithND.",cut,"Sound: soft, vowel-led; Eloy (UK connected-car software); Eloi (H.G. Wells) spelling"
Goban,C,"The Goban Saor ('Goban the master craftsman') is the legendary 7th-century Irish master builder of churches and round towers, a folk hero of Irish stonemasons and informally canonised as St Gobban. His family is credited with inventing the string line for laying a straight wall. His legends show him outwitting patrons who tried to harm him or withhold payment for his work: the craftsman who owns the value of what he builds. 'Goban' is also the word for a Go board, the strategy grid famous in AI since AlphaGo. Sources: Wikipedia 'Goban Saor', Library Ireland, 'Legendary Fictions of the Irish Celts'.",cut,"Conflict: the Go board and Go apps (goban.app, Sen:te's Goban)"
Piran,C,"Saint Piran is the patron saint of Cornish tin miners and of Cornwall. The legend: his black hearthstone got so hot that tin ore in it melted and flowed out as a white cross, which is now the Cornish flag. He then taught the method to local people and gave them work. The link: a maker who found a process (the founder has a chemical and process-engineering background), turned raw rock into a valuable material, and shared it. Piran is also the Venetian-Gothic town on the Slovenian coast, familiar and liked in the Balkans. Sources: Wikipedia 'Saint Piran', cornwall-calling.co.uk.",cut,Conflict: Piran Technologies (Cornish IT support); pronunciation split; only .build/labs free
Hollerith,C,"Herman Hollerith (1860-1929) invented the electromechanical punched-card tabulator. It processed the 1890 US census far faster than hand counting, and punched cards carried data processing for the next 60 years. He then founded his own product company, the Tabulating Machine Company (1896), which merged into the company that became IBM. The link: a data and automation inventor who turned his invention into a product business. That mirrors Reactify's data-analytics and automation services feeding a product company. Sources: Wikipedia 'Herman Hollerith'.",cut,"Length: 9 letters, 3 syllables; Nazi-era Dehomag shadow"
Kuzma,C,"In East Slavic (especially Ukrainian) folklore the smith saints Kuzma and Demyan forged the first plough. They then caught a monstrous serpent by the tongue with red-hot tongs, harnessed it to the plough and ploughed the land, leaving the 'Serpent's Walls' earthworks. Their feast, Kuzminki, became the smiths' holiday. They are the folk heirs of the Slavic smith god Svarog. The link: makers who tame chaos with fire and iron and put it to productive work, like engineers harnessing AI. Sources: Wikipedia 'Fiery serpents in Slavic folklore', Wikipedia 'Kuzma'.",cut,Association: Kyle Kuzma (NBA player) and Kuzma turntables
Curta,C,"The Curta is the pocket mechanical calculator named after its inventor, Curt Herzstark (1902-1988). He worked out the design while imprisoned in Buchenwald, and after liberation had it manufactured in Liechtenstein (1948-1972). Engineers and rally navigators prized it as the finest calculator ever made until electronic ones arrived. The link: a maker who kept building a high-value product under the worst possible conditions and then shipped it. The name is a person's name turned into a product mark. Sources: Wikipedia 'Curta'.",cut,"Conflict: Curta CTF, Curta Inc (Seattle IT); radio: kurta/Kurta"
Branca,C,"Giovanni Branca (1571-1645) was an Italian engineer and architect. In his 1629 book 'Le Machine' he illustrated a steam jet driving a wheel that powers a stamping mill, often cited as the first impulse steam turbine: raw steam turned into useful work. The link: an engineer who turned a process into a machine that produces value. That fits the founder's process-engineering background. Sources: Wikipedia 'Giovanni Branca'.",cut,Conflict: Branca.ai (US AI company); Fernet-Branca
Firnas,C,"Abbas ibn Firnas (810-887) was a polymath inventor in Cordoba, al-Andalus. He cut rock crystal, made glass and reading stones, and built a water clock and a planetarium. He is famous for an early recorded gliding flight from a hill near Cordoba (he was hurt on landing and admitted he had forgotten the tail). An airport, a Baghdad statue and a lunar crater honour him. The link: a builder who made his own instruments and tested them on himself, the full-ownership maker. Spoken aloud, the name sounds like 'furnace'. Sources: Wikipedia 'Abbas ibn Firnas'.",cut,"Conflict: Firnas.tech (Swedish software house), Firnas Corp, Firnas AI, Firnas Solutions"
Akmon,B,"Greek akmon means 'anvil', and it is related to akme ('point, peak', the source of 'acme'). In the lost epic Phoronis, quoted in the scholia to Apollonius of Rhodes, the Idaean Dactyls were the first smiths. There were three of them: Kelmis, Damnameneus and 'mighty Akmon'. They found dark iron in the mountains, put it in the fire and made a fine piece of work. That is Scope -> Build -> Ship in one line of Greek myth. The anvil is where raw material is beaten into a finished tool, and it outlasts every blow. That gives both halves of the purpose: making products and the sturdy ownership behind client work. It works as an umbrella: 'Quicktalog by Akmon', 'Akmon Labs', 'Akmon Inc.'",cut,Trademark: Akmon registered class 9 at EUIPO and UKIPO (AKMON LIMITED)
Pacta,B,"'Pacta sunt servanda' means 'agreements must be kept'. It is the bedrock principle of contract law, carried from Roman and canon law into Article 26 of the Vienna Convention on the Law of Treaties, which bears exactly that title. Pacta is the plural of pactum ('agreement'). The hidden meaning is that what we commit to, we deliver. That is the ownership mindset on client work, and the reliability behind products people pay for. It is built like Adacta: a Latin legal phrase cut down to one word ending in -cta.",cut,Conflict: PACTA AI contract-management SaaS (DiliTrust) and RMI's PACTA tool; rhymes with Adacta
Exegi,B,"'Exegi monumentum aere perennius' is the opening line of Horace, Odes 3.30: 'I have finished a monument more lasting than bronze.' Exegi is the perfect tense of exigere ('to complete, to carry through'). Horace wrote it as the closing boast of three books of odes: I built it, it is done, and it will outlast bronze. The word holds finished work, personal ownership of the result, and durability. That is the product-first promise, told as a single Latin verb.",cut,Trademark: EXEGI registered 6/19/37/42 at EUIPO and UKIPO (VINCI Construction); radio: hard/soft g
Dolabra,B,"The dolabra was the Roman legionary's pick-mattock. Legions used it every day to dig camps, cut roads and raise siege works, which is a big part of why Rome outbuilt its enemies. The general Gnaeus Domitius Corbulo 'used to say the enemy must be beaten with the dolabra' (Frontinus, Strategemata 4.7.2), meaning by engineering and hard work rather than talk. The story is that builders win by building. That matches the builder-to-builder, no-sales-talk voice, and it works for both products and services.",cut,Conflict: Dolabra Digital LLC ('AI-driven revenue systems') and its DOLABRA DIGITAL filing in software classes
Spondeo,B,"The Roman stipulatio was the oldest binding contract. One party asked 'Spondesne?' ('Do you solemnly promise?') and the other answered 'Spondeo' ('I promise'). The spoken word alone created the obligation (Gaius, Institutes 3.92-93, where the 'spondes? spondeo' form was reserved to Roman citizens). The same root gives 'sponsor', 'respond' and 'spouse'. The story is that our word is the contract. That is ownership and warranty on client work, and a quality promise on products.",cut,"Conflict: Spondeo consultancy (FI/PL) and Spondeo Solutions (workforce tech); soft, 3 syllables"
Curavit,B,"Roman building inscriptions name the official who owned a public work with the formula 'faciendum curavit idemque probavit'. It means 'saw to its making and likewise approved it': he commissioned it, oversaw the build and signed it off. Curavit means '(he or she) took care of it, saw it through'. It is literally the ancient TPM or product-owner credit line, with the builder carved into the stone as the one responsible. That fits both products and services done with the same ownership.",cut,"Language: echoes vulgar 'kurva' (Serbian, Hungarian); Curavit Clinical Research (curavit.io)"
Sponte,B,"The legal term 'sua sponte' means 'of its own accord'. It describes a court acting on its own motion, without any party asking. Sponte is the ablative of spons ('free will'), the root of 'spontaneous'. The story is that we act without being asked: spotting the problem, fixing what nobody filed a ticket for, and building our own products on our own initiative. That is the ownership mindset in two Latin words, cut down to one, as Adacta was.",cut,"Conflict: Sponte (sponte.com.br), an established Brazilian school-management ERP"
Groma,B,"The groma was the Roman surveyor's instrument: a cross on a staff with four plumb lines. The gromatici (surveyors) used it to lay out the right-angled grid of every road, legionary camp, colony and field before a single stone was laid. It was the tool of Scope, the first step of every Roman build and the reason their things lined up. There is also a Balkan echo: Serbian 'grom' means thunder.",cut,Domain: none free (.co/.studio/.build taken); GROMA geodetic software (Czech cadastre)
Dactyl,B,"The Idaean Dactyls ('the Fingers of Mount Ida', from Greek daktylos, 'finger') were the mythical first metalworkers. Strabo, Diodorus and the Phoronis credit them with discovering iron and how to forge it. The name says handmade: craft done with your own fingers, by the first people to turn raw ore into tools. It is the family myth behind Akmon.",cut,"Conflict: Dactyl Technologies (US web and app agency since 1997, dactyl.com) and Dactyl Group (Czech app studio)"
Ultro,B,"Latin ultro is an adverb meaning 'beyond, further; moreover; of one's own accord, voluntarily, unasked' (as in 'ultro citroque', 'to and fro'). Classical authors use it for someone who offers or acts before being asked. It is the ownership mindset as a single Latin word: go further than the brief, and do it without being told.",cut,"Conflict: Ultro ERP (ultro.ai), ULTRO CRM, Ultro Digital agency"
Artios,B,"Greek artios means 'complete, perfectly fitted, fully equipped'. 2 Timothy 3:17 pairs it with exartismenos ('thoroughly equipped'). It comes from the root ar- ('to fit together'), which also gives art, arm, harmony and arthron (joint). The story is work that is finished and fits: products that are complete and services delivered fully equipped.",cut,"Conflict: Artios Pharma (UK biotech); soft, 3 syllables"
Dobra,E,"In Serbian and other Slavic languages 'dobra' means 'good'. As a plural noun it means 'goods, assets, property' (materijalna dobra = material goods), so it carries both high-value products and ownership. The dobra was also a Portuguese gold coin, and São Tomé and Príncipe's currency is still called the dobra. Acronym layer, which maps onto the house motif Scope -> Build -> Ship & iterate with ownership at the core: D = Define (scope), O = Own, B = Build, R = Release, A = Adapt.",keep,"Not in the final ten: only dobra.build free; generic Serbian adjective (hard to own), Dobro guitar echo, 'do-bra' puns; DOBRA registered USPTO class 33"
Ostro,E,"Ostro has three layers. (1) In the Italian and Mediterranean compass rose, Ostro is the south wind, a sibling of Koshava, Bora and Mistral. (2) Latin 'ostrum' and poetic Italian 'ostro' mean Tyrian purple. That was the most valuable dye of antiquity, made by a slow chemical process from murex snails, which fits the founder's process-engineering background, and it was worth more than its weight in silver. (3) Serbian 'oštro' means 'sharply'. Acronym layer, where ownership opens and closes the lifecycle: O = Own, S = Scope, T = Test, R = Release, O = Operate.",cut,"Conflict: Ostro, a US health-software company ($55M raised); only ostro.build free"
Obris,E,"Obris is a word-like coinage clipped from Latin 'obrussa', the testing of gold by fire. The idiom 'ad obrussam exigere' (Seneca, Cicero) means 'to put to the fire-test', and 'obryzum aurum' was gold that had passed it. That is a hidden quality-proofing story. It is also the cleanest acronym of the house motif: O = Own, B = Build, R = Release, I = Iterate, S = Scale.",cut,"Radio test: Orbis/Obriss, rhymes with 'hubris'; Serbian 'obrisati' = to delete"
Robur,E,"Latin 'robur' is the hardest heartwood of oak, and by extension strength and endurance. It is the root of 'robust' and of 'corroborate' (to strengthen together). Quercus robur, the English oak, built the ships of the line ('hearts of oak'). The hidden meaning is making things that carry load for decades. Acronym layer: R = Responsibility, O = Ownership, B = Build, U = User value, R = Results.",cut,Radio test: US 'ROB-er' = 'robber'
Briso,E,"Briso is a word-like coinage that echoes Italian 'brio' (vigor, spirit; 'allegro con brio') and Spanish and Portuguese 'brisa' (breeze, a nod to Koshava). Acronym layer, which is the house motif spelled out: B = Build, R = Refine, I = Iterate, S = Ship, O = Own.",cut,Language: Serbian colloquial 'briso' = '(he) wiped/erased'; radio: Brizo/Breeso
Abovo,E,"Latin 'ab ovo' means 'from the egg', that is, from the very beginning. It comes from Horace, Satires I.3: 'ab ovo usque ad mala', 'from the egg to the apples', the first course of a Roman dinner to the last. So it means end-to-end, 0-to-1-to-shipped ownership. It is a natural sibling to the anchor Adacta ('ad acta' = done): ab ovo is the start, ad acta the finish. Acronym layer: A = Accountability, B = Build, O = Ownership, V = Value, O = Outcomes.",cut,Conflict: Ab Ovo Inc. (US IT consulting since 2006); only abovo.build free
Rivet,E,"A rivet joins metal permanently, and once set it cannot be undone. That is commitment made physical. Hot-driven rivets built the Eiffel Tower (about 2.5 million of them), the great bridges and the steel ships. 'Riveting' also means captivating. It is a sibling of Braze, since both are metal-joining. Acronym layer: R = Responsibility, I = Iteration, V = Value, E = Execution, T = Trust.",cut,"Conflict: crowded in software (Ironclad's Rivet AI IDE, rivet.dev, RivetAI)"
Vatra,E,"'Vatra' means fire or hearth and is shared across the Balkans: Serbian vatra, Romanian vatră, Albanian vatër. It is an old pre-Slavic word for the place where both the forge and the home meet. Acronym layer, a product lifecycle: V = Validate, A = Architect, T = Test, R = Release, A = Adapt.",cut,"Conflict: Vatra Labs (vatra.io), an Austrian custom software studio - direct competitor"
Lapis,E,"Latin 'lapis' means stone. 'Lapis philosophorum', the alchemists' philosopher's stone, was meant to turn base metal into gold, a chemistry metaphor for turning raw work into high value. Lapis lazuli gave ultramarine, the Renaissance pigment that cost more than gold. In Italian 'lapis' also means pencil, a maker's tool. Acronym layer: L = Listen, A = Architect, P = Productize, I = Iterate, S = Ship.",cut,"Conflict: Lapis software consultancy (AU), Lapis Software Associates; only lapis.build free"
Visto,E,"Spanish and Italian 'visto' means 'seen, approved'. 'Visto bueno' (abbreviated V.º B.º) is the Spanish sign-off stamp on official documents, the mark that something has been checked and accepted. That is a done-and-owned seal, close in spirit to 'ad acta'. Acronym layer: V = Value, I = Iterate, S = Ship, T = Trust, O = Own.",cut,"Conflict: Visto (NY ad-tech SaaS), visto.ai, historical Visto Corp"
Brioso,E,"Italian and Spanish 'brioso' means 'full of brio: spirited, vigorous'. It is also a musical performance marking ('con brio'), as in Beethoven's Fifth, 'Allegro con brio'. Acronym layer, the full product loop in six letters: B = Build, R = Refine, I = Iterate, O = Own, S = Ship, O = Operate.",cut,"Conflict: Brioso Technologies (web and app agency, India)"
Exerga,D,"Coined from ex- (out of) + Greek ergon (work): 'the work you get out'. It carries two real stories. First, exergy is the thermodynamic measure of how much useful work a system can actually deliver. The Slovenian (then Yugoslav) engineer Zoran Rant coined the term in 1956, which gives a quiet Balkan link and fits the founder's chemical and process-engineering background. Second, the exergue (Italian exergo) is the band on a coin where the mint strikes its mark and date, i.e. the maker signing the work. Romanian already uses 'exerga' for exergy. The meaning to carry: we build things that deliver real value, and we sign what we make. Umbrella test: 'Quicktalog by Exerga', 'Exerga Labs'.",finalist,
Bronta,D,"Built on Greek bronte, 'thunder'. In Hesiod, Brontes ('Thunderer') is one of the three Cyclopes who forged Zeus's thunderbolt: the smiths who made the most powerful tool of the gods. Bronta is a Latinized, name-like coinage from it. The meaning: we forge the tools that carry the force. It works as 'Bronta Labs' or 'Quicktalog by Bronta'.",cut,"Conflict: Bronte Technologies (MVP studio), Bronto; bronta.com in use"
Tekta,D,"Clipped from Greek tekton, 'builder, carpenter, master craftsman'. Architect is arkhi-tekton, 'chief builder', and the same Indo-European root (*teks-, to fabricate) gives technology, text and texture. Tekta means 'the builders' in a coined, Latin-looking form, with the -ct- core of the founder's anchor Adacta. It fits 'Tekta Labs' naturally.",cut,Confusable with Okta; Tekta Group (Moscow developer); only .build/labs free
Ergana,D,"From Athena Ergane, 'Athena the Worker', the aspect of the goddess who was patron of craftsmen and artisans. She joins intelligence with making, which fits an AI-and-product company. Built on Greek ergon (work), the root of energy, ergonomics and metallurgy. The meaning: craft guided by intelligence. It works as 'Ergana Labs' or 'Quicktalog by Ergana'.",keep,Not in the final ten: ergana.co is a live marketing agency (2026) and one party registered ergana.io/.ai/.dev/.app in July 2026; only .studio/.build free; ES/PT 'engaña' (deceives) is one letter off
Peracta,D,"Latin per- (through) + acta (done). It is the perfect participle of peragere, 'to carry through to the end, to complete'. Adacta means 'filed, closed'. Peracta means 'carried all the way through': end-to-end ownership, from scope to shipped. It is a sibling of the founder's favourite anchor, with an ownership story built in.",cut,"Conflict: peracta.com, an active construction-management software product"
Exergon,D,"From ex- + ergon, and from chemistry's 'exergonic reaction': one that releases free energy and runs by itself, without being pushed. That is the ownership mindset in chemical terms (self-driven, needs no babysitting). It also carries the exergy story (useful work; the term was coined by Yugoslav engineer Zoran Rant in 1956). It is an alternate or sibling form of Exerga.",cut,"Conflict: Exergon (Paris energy VC fund), Exergon Sp. z o.o. (Polish energy software)"
Veracta,D,"An invented blend of Latin verus (true) + acta (deeds, things done): 'true deeds, work really done'. It captures the voice of builder to builder, no sales talk: judge us by what shipped. It sits in the same Latin family as Adacta.",cut,Confusable: '-acta' ending echoes the anchor Adacta; crowded 'Vera-' prefix
Takta,D,"From takt, the German word for beat or meter, used in lean manufacturing as 'takt time': the heartbeat of a production line, set to match customer demand. It mirrors Ship & iterate at a steady cadence and draws on the founder's process-engineering background. Latin tactus (touch) is a secondary echo.",cut,Domain: only takta.build free; TAKTA electronics R&D company
Ergaster,D,"Greek ergaster means 'workman'. Homo ergaster, the 'working man', is the early human species named for its advanced stone-tool making (Acheulean hand-axes). The idea is that humans became human by building tools, and we still do: the first maker of high-value tools.",cut,Length: 8 letters; contains 'gaster' (stomach)
Perago,D,"Latin perago means 'I carry it through, I accomplish, I finish': per (through) + ago (drive, do). It is a first-person statement of ownership, 'I see it through to the end', and a softer, verb-form sibling of Peracta.",cut,"Conflict: Perago Inc. (NetSuite ERP extensions), Perago Information Systems"
Kaldra,D,"From Late Latin caldaria, a boiling vessel, which gave us cauldron and caldera. It is the vessel where the reaction happens: a nod to the chemical-engineering founder and a quiet echo of the old Reactify name (reaction leads to reactor). Things go in raw and come out transformed.",cut,Conflict: Kaldra indie apps (kaldra.co) in the same indie-product space
Brisk,E,"Expansion: B = Build, R = Refine, I = Iterate, S = Ship, K = Keep (own it after launch). Five creed verbs in working order. The word means quick, energetic, no wasted motion (probably from French 'brusque' or Welsh 'brysg', swift). That fits a small team that scopes, builds and ships without sales talk.",cut,"Conflict: Brisk Teaching (AI edtech, $15M), Brisk iced tea (PepsiCo/Lipton); crowded adjective"
Brevet,E,"Expansion: B = Build, R = Refine, E = Execute, V = Value, E = Evolve, T = Trust. The word: in French a 'brevet d'invention' is a patent, the document proving you own what you invented. In randonneuring, a brevet is a long-distance ride you finish under your own power within a time limit. A military brevet is a promotion earned in the field. All three are about earned ownership and finishing.",cut,Radio test: BREV-it vs bruh-VAY; Brevet Group is a sales-training firm (clashes with 'no sales talk')
Dobro,E,"Expansion: D = Design, O = Own, B = Build, R = Run, O = Optimize. The word means 'good' in Serbian and other Slavic languages, and it has a real acronym history. The Dobro resonator guitar was named by Slovak-American inventors John and Rudy Dopyera: DOpyera BROthers. They chose it because 'dobro' means good. Two immigrant builders made their own product and their own company (1928). That is a hidden story about product-first founders.",cut,Conflict: Dobro AI PM assistant (dobrolab.io); Gibson owns DOBRO for guitars; only dobro.build free
Borax,E,"Expansion: B = Build, O = Own, R = Refine, A = Accountability, X = eXecute. The word: borax (sodium borate) is the classic flux of brazing and forge-welding. It dissolves the oxides so two metals can actually fuse. It is the unseen chemistry that makes a joint hold, which is a direct hidden link to the founder's favorite anchor Braze and a process-engineering nod to his chemical background.",cut,"Language: US dictionary slang 'borax' = cheap, showy, poorly made goods; reads as a laundry chemical (20 Mule Team, U.S. Borax)"
Bezant,E,"Expansion: B = Build, E = Execute, Z = Zero hand-offs (own it end to end), A = Accountability, N = Next iteration, T = Trust. The word was the Western name for the Byzantine gold coin (from 'Byzantium'), the medieval world's reserve currency. In heraldry a gold disc on a shield is still called a bezant. Belgrade was a Byzantine frontier city, a quiet regional link.",cut,Conflict: 'Bezant.app' is known macOS adware; Bezant blockchain foundation
Structa,E,"Expansion: S = Scope, T = Trust, R = Refine, U = Users, C = Craft, T = Test, A = Accountability. The word is Latin for 'built, assembled, arranged' (perfect participle of struere, the root of structure, construct and instruct). A company whose name literally means 'built'.",cut,"Conflict: Structa (Toronto AI copilot for real-estate developers, 2023)"
Takt,E,"Expansion: T = Trust, A = Accountability, K = Kaizen (continuous improvement), T = Tempo. The word is German for beat or measure. In lean manufacturing (the Toyota Production System), 'takt time' is the steady pace of production set by customer demand. It is a process-engineering term that matches the founder's chemical/process background and the ship-on-cadence, iterate-forever creed.",cut,Domain: none free on 13 TLDs; radio: heard as 'tact'
Solidus,E,"Expansion: S = Scope, O = Own, L = Learn, I = Iterate, D = Deliver, U = Users, S = Support. The word has a double hidden story. First, Constantine's gold coin (309 AD) stayed stable for about 700 years and gave English 'solid' and 'soldier'. Second, SOLIDUS is the official Unicode name of '/' (U+002F), the root of every file path, which fits the terminal/CLI motif.",cut,"Conflict: Solidus open-source Rails e-commerce framework (solidus.io), Solidus Systems agency, Solidus Labs"
Remek,F,"Hungarian 'remek' means masterpiece, and also splendid. In the Hungarian guild (céh) system the remek was the piece a journeyman had to make and submit to the guild masters before he could be admitted as a master; the German equivalent is Meisterstück. The word passed into Serbian and Croatian as 'remek-delo' / 'remek-djelo' (masterpiece), so it links Belgrade with Central European guild tradition. Tie to the brand: every product and every client build is treated as a remek, the work that proves mastery, judged by an owner's standards. It works as a quiet holding and as an umbrella ('Quicktalog by Remek', 'Remek Labs'). It fits with the Esnaf/Kalfa guild thread already in the lead's pool as the missing final step: apprentice, journeyman, masterpiece.",finalist,
Farga,F,"Catalan and Occitan 'farga' means forge or ironworks. The 'farga catalana' (Catalan forge) was a water-powered bloomery that turned ore straight into wrought iron in one furnace. It spread across the Pyrenees and to the Americas and was used into the 19th century. Tie to the brand: a place that turns raw material into high-value finished product, in the same loop as Scope -> Build -> Ship. It also nods to the founder's process-engineering background (a furnace as a single-step reactor).",cut,Trademark: FARGA registered class 42 in France (x2) and 30/35/43 at EUIPO (Farga Barcelona); LA FARGA EUIPO 35/42
Tanren,F,"Japanese 鍛錬 'tanren'. 鍛 (tan) means to forge or hammer metal, and 錬 (ren) means to refine or temper it. Together the word means forging and tempering, and figuratively disciplined training until mastery. In The Book of Five Rings, Miyamoto Musashi writes that a thousand days of practice is 'tan' (forging) and ten thousand days is 'ren' (refining). Tie to the brand: products are hammered into shape, then refined through iteration, which is the Build -> Ship & iterate loop, done by people who own the result.",cut,"Conflict: TANREN, a Japanese sales-enablement learning platform, plus open-source 'Tanren' apps; soft sound"
Mokume,F,"Japanese 木目 'mokume' means wood grain, from mokume-gane (木目金, 'wood-grain metal'). This is a 17th-century technique credited to Denbei Shoami of Akita: layers of different metals (copper, silver, gold, shakudō) are fused into one billet, then carved and forged until a flowing grain appears. Tie to the brand: different disciplines (engineering, AI, data, design) are fused into one solid, beautiful product. It is a direct cousin of brazing (the founder's Braze anchor) and of his metallurgy and process-engineering background.",cut,Sound: three soft syllables (moh-KOO-meh); jewellery trade term; Mokume Software (defunct)
Ktema,F,"Ancient Greek κτῆμα 'ktēma' means a possession: property, something acquired and kept. Thucydides (History 1.22) wrote that his work was composed as 'ktēma es aiei', 'a possession for all time', not a showpiece for a moment's applause. Tie to the brand: this is ownership stated outright. The company builds products it owns and work meant to last, not throwaway client deliverables. The name suits a holding and later an umbrella.",cut,Radio test: initial 'kt-' is heard as 'Tema'/'Kuh-tema'
Noren,F,"Japanese 暖簾 'noren' is the split fabric curtain hung at a shop entrance, bearing the house crest. Over centuries it came to stand for the shop's reputation and goodwill, and 'noren' (のれん) is literally the Japanese accounting term for goodwill. 'Noren-wake' (dividing the noren) is the custom of a master letting a trusted apprentice open a new shop under the house name. Tie to the brand: this fits the quiet-holding-now, umbrella-later plan. Each product (Quicktalog, unbg, Shot & Share) hangs under the same noren, and the name itself means the value built by doing work well.",cut,"Sound: soft, spelled 'Noreen'; only noren.build free"
Meijin,F,"Japanese 名人 'meijin', literally 'famous person', means a master or virtuoso. It is the supreme title in Go and shogi, dating to the early 1600s; Honinbo Sansa is recognised as the first Go Meijin, in 1612. Kawabata's novel 'Meijin' (The Master of Go) chronicles the last retirement game of a Meijin. Tie to the brand: mastery that is earned and recognised by peers, a builder-to-builder title rather than a sales claim.",cut,Radio test: Mayjin/Mejin; Shanxi Meijin Energy; Go/shogi title with anime uses
Fabbro,F,"Italian 'fabbro' means smith or craftsman (from Latin faber). In Purgatorio XXVI Dante calls the troubadour Arnaut Daniel 'il miglior fabbro del parlar materno', 'the better craftsman of the mother tongue'. T.S. Eliot then dedicated The Waste Land to Ezra Pound as 'il miglior fabbro'. Tie to the brand: 'the better maker' is a quiet, literary claim of mastery, owned by the people who do the work.",cut,Variant of the taken Faber; spelled 'Fabro'; only .build/labs free
Vasara,F,"Finnish 'vasara' means hammer: the smith's tool, as in the Kalevala, where Ilmarinen forges the Sampo. In Lithuanian and Latvian 'vasara' means summer, which gives a warm second reading. Tie to the brand: the maker's primary tool, which shapes raw material into value, with a Nordic-Baltic old root.",cut,"Conflict: Vasara, Taito's arcade game; soft three syllables"
Varpet,F,"Armenian վարպետ 'varpet' means master craftsman. It is also a national title of honour: in his last years the poet Avetik Isahakyan was called simply 'Varpet', the Master. Tie to the brand: a maker recognised as master by the people he builds for, which fits an ownership-minded studio.",cut,"Conflict: Varpet, an Armenian home-services marketplace app with the same 'master' meaning; rhymes with 'carpet'"
Zunft,F,"German 'Zunft' means craft guild. The medieval Zünfte set quality standards, trained apprentices, examined masterpieces and certified masters. In Zurich the guilds still govern civic tradition and parade at Sechseläuten, when they burn the Böögg to call spring. Tie to the brand: a guild of builders who hold their own work to a master's standard, whether it is their product or a client's.",cut,Radio test: English z- vs German ts-; harsh '-nft' cluster
Arotz,F,"Basque 'arotz' means craftsman: the artisan who works wood or iron (carpenter or smith, depending on dialect). Basque is Europe's oldest living language isolate, older than the Indo-European languages around it. Tie to the brand: the maker in the oldest living European tongue, a hidden story of craft that predates everything else.",cut,Sound: contains 'rots'; obscure Basque root that always needs explaining
Vardar,F,"The Vardar is the river that runs from North Macedonia to the Aegean, and it gives its name to the Vardarec (Greek: Vardaris), a cold, dry north wind that funnels down the valley to Thessaloniki. It is the Balkan sibling of the Koshava (Belgrade) and the Mistral (Rhône), which makes it the 'local natural phenomenon' option in the founder's Koshava style. Tie to the brand: a steady force channelled through a narrow valley, i.e. focus that becomes power.",cut,"Association: Macedonian river/region with political naming-dispute baggage; story is about nature, not making"
