name,territory,best_domain,trademark_url,conflict_url,cool,story,legal,pronunciation,scalability,domains,top3,price_first_year,price_renewal
Spelter,A,spelter.io,https://www.tmdn.org/tmview/#/tmview/results?page=1&pageSize=30&criteria=C&basicSearch=spelter,https://www.joinspelt.com/,3,4,4,4,3,5,yes,14.99,46
Pritchel,A,pritchel.co,https://www.tmdn.org/tmview/#/tmview/results?page=1&pageSize=30&criteria=C&basicSearch=pritchel,https://www.linkedin.com/company/pritchel-ridge-energy,3,3,5,2,3,5,no,,
Saxton,C,saxton.studio,https://www.tmdn.org/tmview/#/tmview/results?page=1&pageSize=30&criteria=C&basicSearch=saxton,https://www.zoominfo.com/c/saxton/460597796,3,4,2,3,4,3,no,,
Remek,F,remek.io,https://www.tmdn.org/tmview/#/tmview/results?page=1&pageSize=30&criteria=C&basicSearch=remek,https://pubapi.registry.google/rdap/domain/remek.dev,4,5,1,2,4,4,no,,
Bract,A,bract.co,https://www.tmdn.org/tmview/#/tmview/results?page=1&pageSize=30&criteria=C&basicSearch=bract,https://bract.ai,4,4,1,4,5,3,no,,
Moxon,C,moxon.studio,https://www.tmdn.org/tmview/#/tmview/results?page=1&pageSize=30&criteria=C&basicSearch=moxon,https://moxon.io,4,4,1,4,4,4,no,,
Exerga,D,exerga.co,https://www.tmdn.org/tmview/#/tmview/results?page=1&pageSize=30&criteria=C&basicSearch=exerga,https://www.tmdn.org/tmview/#/tmview/results?page=1&pageSize=30&criteria=C&basicSearch=exergy,3,4,2,3,3,5,no,,
Yeoman,A,yeoman.co,https://www.tmdn.org/tmview/#/tmview/results?page=1&pageSize=30&criteria=C&basicSearch=yeoman,https://yeoman.io/learning/,3,5,1,4,4,3,no,,
Bosk,E,bosk.build,https://www.tmdn.org/tmview/#/tmview/results?page=1&pageSize=30&criteria=C&basicSearch=bosk,https://www.boski.com,3,4,2,3,3,2,no,,
Ramsden,C,ramsden.io,https://www.tmdn.org/tmview/#/tmview/results?page=1&pageSize=30&criteria=C&basicSearch=ramsden,https://uk.linkedin.com/company/ramsden-management-services-ltd,3,4,4,3,4,4,yes,14.99,46
